id_zmienna;zmienna;id_przekroj;nazwa_przekroj;id_jednostka_terytorialna;jednostka_terytorialna;id_typ_informacji;typ_informacji;id_wymiar_2;nazwa_wymiar_2;id_pozycja_2;nazwa_pozycja_2;id_wymiar_3;nazwa_wymiar_3;id_pozycja_3;nazwa_pozycja_3;id_wymiar_4;nazwa_wymiar_4;id_pozycja_4;nazwa_pozycja_4;id_wymiar_5;nazwa_wymiar_5;id_pozycja_5;nazwa_pozycja_5;id_wymiar_6;nazwa_wymiar_6;id_pozycja_6;nazwa_pozycja_6;id_wymiar_7;nazwa_wymiar_7;id_pozycja_7;nazwa_pozycja_7;id_wymiar_8;nazwa_wymiar_8;id_pozycja_8;nazwa_pozycja_8;id_wymiar_9;nazwa_wymiar_9;id_pozycja_9;nazwa_pozycja_9;id_okres;id_daty;opis_okres;wartosc;oznaczenie_braku_wartosci;nazwa_braku_wartosci;oznaczenie_tajnosci;nazwa_tajnosci;oznaczenie_flagi;nazwa_flaga;notka
1038;Produkt krajowy brutto;16;Polska;33617;POLSKA;105;[mln zł];;;;;;;;;;;;;;;;;;;;;;;;;;;;;;;;;270;1995;1995 Q1;78767,2;ND;Nie dotyczy;nd;Dane jawne;o;Dane ostateczne;
1038;Produkt krajowy brutto;16;Polska;33617;POLSKA;105;[mln zł];;;;;;;;;;;;;;;;;;;;;;;;;;;;;;;;;271;1995;1995 Q2;84159,9;ND;Nie dotyczy;nd;Dane jawne;o;Dane ostateczne;
1038;Produkt krajowy brutto;16;Polska;33617;POLSKA;105;[mln zł];;;;;;;;;;;;;;;;;;;;;;;;;;;;;;;;;272;1995;1995 Q3;88518,1;ND;Nie dotyczy;nd;Dane jawne;o;Dane ostateczne;
1038;Produkt krajowy brutto;16;Polska;33617;POLSKA;105;[mln zł];;;;;;;;;;;;;;;;;;;;;;;;;;;;;;;;;273;1995;1995 Q4;93614,7;ND;Nie dotyczy;nd;Dane jawne;o;Dane ostateczne;
1038;Produkt krajowy brutto;16;Polska;33617;POLSKA;105;[mln zł];;;;;;;;;;;;;;;;;;;;;;;;;;;;;;;;;270;1996;1996 Q1;97250,7;ND;Nie dotyczy;nd;Dane jawne;o;Dane ostateczne;
1038;Produkt krajowy brutto;16;Polska;33617;POLSKA;105;[mln zł];;;;;;;;;;;;;;;;;;;;;;;;;;;;;;;;;271;1996;1996 Q2;104654,4;ND;Nie dotyczy;nd;Dane jawne;o;Dane ostateczne;
1038;Produkt krajowy brutto;16;Polska;33617;POLSKA;105;[mln zł];;;;;;;;;;;;;;;;;;;;;;;;;;;;;;;;;272;1996;1996 Q3;108789,4;ND;Nie dotyczy;nd;Dane jawne;o;Dane ostateczne;
1038;Produkt krajowy brutto;16;Polska;33617;POLSKA;105;[mln zł];;;;;;;;;;;;;;;;;;;;;;;;;;;;;;;;;273;1996;1996 Q4;121203,1;ND;Nie dotyczy;nd;Dane jawne;o;Dane ostateczne;
1038;Produkt krajowy brutto;16;Polska;33617;POLSKA;105;[mln zł];;;;;;;;;;;;;;;;;;;;;;;;;;;;;;;;;270;1997;1997 Q1;117404,1;ND;Nie dotyczy;nd;Dane jawne;o;Dane ostateczne;
1038;Produkt krajowy brutto;16;Polska;33617;POLSKA;105;[mln zł];;;;;;;;;;;;;;;;;;;;;;;;;;;;;;;;;271;1997;1997 Q2;126961,7;ND;Nie dotyczy;nd;Dane jawne;o;Dane ostateczne;
1038;Produkt krajowy brutto;16;Polska;33617;POLSKA;105;[mln zł];;;;;;;;;;;;;;;;;;;;;;;;;;;;;;;;;272;1997;1997 Q3;131323;ND;Nie dotyczy;nd;Dane jawne;o;Dane ostateczne;
1038;Produkt krajowy brutto;16;Polska;33617;POLSKA;105;[mln zł];;;;;;;;;;;;;;;;;;;;;;;;;;;;;;;;;273;1997;1997 Q4;146892,8;ND;Nie dotyczy;nd;Dane jawne;o;Dane ostateczne;
1038;Produkt krajowy brutto;16;Polska;33617;POLSKA;105;[mln zł];;;;;;;;;;;;;;;;;;;;;;;;;;;;;;;;;270;1998;1998 Q1;136979,6;ND;Nie dotyczy;nd;Dane jawne;o;Dane ostateczne;
1038;Produkt krajowy brutto;16;Polska;33617;POLSKA;105;[mln zł];;;;;;;;;;;;;;;;;;;;;;;;;;;;;;;;;271;1998;1998 Q2;146667,4;ND;Nie dotyczy;nd;Dane jawne;o;Dane ostateczne;
1038;Produkt krajowy brutto;16;Polska;33617;POLSKA;105;[mln zł];;;;;;;;;;;;;;;;;;;;;;;;;;;;;;;;;272;1998;1998 Q3;152433,7;ND;Nie dotyczy;nd;Dane jawne;o;Dane ostateczne;
1038;Produkt krajowy brutto;16;Polska;33617;POLSKA;105;[mln zł];;;;;;;;;;;;;;;;;;;;;;;;;;;;;;;;;273;1998;1998 Q4;171022,1;ND;Nie dotyczy;nd;Dane jawne;o;Dane ostateczne;
1038;Produkt krajowy brutto;16;Polska;33617;POLSKA;105;[mln zł];;;;;;;;;;;;;;;;;;;;;;;;;;;;;;;;;270;1999;1999 Q1;147131,8;ND;Nie dotyczy;nd;Dane jawne;o;Dane ostateczne;
1038;Produkt krajowy brutto;16;Polska;33617;POLSKA;105;[mln zł];;;;;;;;;;;;;;;;;;;;;;;;;;;;;;;;;271;1999;1999 Q2;159996,4;ND;Nie dotyczy;nd;Dane jawne;o;Dane ostateczne;
1038;Produkt krajowy brutto;16;Polska;33617;POLSKA;105;[mln zł];;;;;;;;;;;;;;;;;;;;;;;;;;;;;;;;;272;1999;1999 Q3;168909,7;ND;Nie dotyczy;nd;Dane jawne;o;Dane ostateczne;
1038;Produkt krajowy brutto;16;Polska;33617;POLSKA;105;[mln zł];;;;;;;;;;;;;;;;;;;;;;;;;;;;;;;;;273;1999;1999 Q4;198492,4;ND;Nie dotyczy;nd;Dane jawne;o;Dane ostateczne;
1038;Produkt krajowy brutto;16;Polska;33617;POLSKA;105;[mln zł];;;;;;;;;;;;;;;;;;;;;;;;;;;;;;;;;270;2000;2000 Q1;168139,6;ND;Nie dotyczy;nd;Dane jawne;o;Dane ostateczne;
1038;Produkt krajowy brutto;16;Polska;33617;POLSKA;105;[mln zł];;;;;;;;;;;;;;;;;;;;;;;;;;;;;;;;;271;2000;2000 Q2;181144,4;ND;Nie dotyczy;nd;Dane jawne;o;Dane ostateczne;
1038;Produkt krajowy brutto;16;Polska;33617;POLSKA;105;[mln zł];;;;;;;;;;;;;;;;;;;;;;;;;;;;;;;;;272;2000;2000 Q3;186781,9;ND;Nie dotyczy;nd;Dane jawne;o;Dane ostateczne;
1038;Produkt krajowy brutto;16;Polska;33617;POLSKA;105;[mln zł];;;;;;;;;;;;;;;;;;;;;;;;;;;;;;;;;273;2000;2000 Q4;212417,5;ND;Nie dotyczy;nd;Dane jawne;o;Dane ostateczne;
1038;Produkt krajowy brutto;16;Polska;33617;POLSKA;105;[mln zł];;;;;;;;;;;;;;;;;;;;;;;;;;;;;;;;;270;2001;2001 Q1;179442,7;ND;Nie dotyczy;nd;Dane jawne;o;Dane ostateczne;
1038;Produkt krajowy brutto;16;Polska;33617;POLSKA;105;[mln zł];;;;;;;;;;;;;;;;;;;;;;;;;;;;;;;;;271;2001;2001 Q2;191091;ND;Nie dotyczy;nd;Dane jawne;o;Dane ostateczne;
1038;Produkt krajowy brutto;16;Polska;33617;POLSKA;105;[mln zł];;;;;;;;;;;;;;;;;;;;;;;;;;;;;;;;;272;2001;2001 Q3;194162,3;ND;Nie dotyczy;nd;Dane jawne;o;Dane ostateczne;
1038;Produkt krajowy brutto;16;Polska;33617;POLSKA;105;[mln zł];;;;;;;;;;;;;;;;;;;;;;;;;;;;;;;;;273;2001;2001 Q4;216852,1;ND;Nie dotyczy;nd;Dane jawne;o;Dane ostateczne;
1038;Produkt krajowy brutto;16;Polska;33617;POLSKA;105;[mln zł];;;;;;;;;;;;;;;;;;;;;;;;;;;;;;;;;270;2002;2002 Q1;189879,4;ND;Nie dotyczy;nd;Dane jawne;o;Dane ostateczne;
1038;Produkt krajowy brutto;16;Polska;33617;POLSKA;105;[mln zł];;;;;;;;;;;;;;;;;;;;;;;;;;;;;;;;;271;2002;2002 Q2;198461,7;ND;Nie dotyczy;nd;Dane jawne;o;Dane ostateczne;
1038;Produkt krajowy brutto;16;Polska;33617;POLSKA;105;[mln zł];;;;;;;;;;;;;;;;;;;;;;;;;;;;;;;;;272;2002;2002 Q3;200992,1;ND;Nie dotyczy;nd;Dane jawne;o;Dane ostateczne;
1038;Produkt krajowy brutto;16;Polska;33617;POLSKA;105;[mln zł];;;;;;;;;;;;;;;;;;;;;;;;;;;;;;;;;273;2002;2002 Q4;222880,7;ND;Nie dotyczy;nd;Dane jawne;o;Dane ostateczne;
1038;Produkt krajowy brutto;16;Polska;33617;POLSKA;105;[mln zł];;;;;;;;;;;;;;;;;;;;;;;;;;;;;;;;;270;2003;2003 Q1;194803,2;ND;Nie dotyczy;nd;Dane jawne;o;Dane ostateczne;
1038;Produkt krajowy brutto;16;Polska;33617;POLSKA;105;[mln zł];;;;;;;;;;;;;;;;;;;;;;;;;;;;;;;;;271;2003;2003 Q2;207707,9;ND;Nie dotyczy;nd;Dane jawne;o;Dane ostateczne;
1038;Produkt krajowy brutto;16;Polska;33617;POLSKA;105;[mln zł];;;;;;;;;;;;;;;;;;;;;;;;;;;;;;;;;272;2003;2003 Q3;208842,8;ND;Nie dotyczy;nd;Dane jawne;o;Dane ostateczne;
1038;Produkt krajowy brutto;16;Polska;33617;POLSKA;105;[mln zł];;;;;;;;;;;;;;;;;;;;;;;;;;;;;;;;;273;2003;2003 Q4;235798,2;ND;Nie dotyczy;nd;Dane jawne;o;Dane ostateczne;
1038;Produkt krajowy brutto;16;Polska;33617;POLSKA;105;[mln zł];;;;;;;;;;;;;;;;;;;;;;;;;;;;;;;;;270;2004;2004 Q1;214304,7;ND;Nie dotyczy;nd;Dane jawne;o;Dane ostateczne;
1038;Produkt krajowy brutto;16;Polska;33617;POLSKA;105;[mln zł];;;;;;;;;;;;;;;;;;;;;;;;;;;;;;;;;271;2004;2004 Q2;226018,2;ND;Nie dotyczy;nd;Dane jawne;o;Dane ostateczne;
1038;Produkt krajowy brutto;16;Polska;33617;POLSKA;105;[mln zł];;;;;;;;;;;;;;;;;;;;;;;;;;;;;;;;;272;2004;2004 Q3;228868,4;ND;Nie dotyczy;nd;Dane jawne;o;Dane ostateczne;
1038;Produkt krajowy brutto;16;Polska;33617;POLSKA;105;[mln zł];;;;;;;;;;;;;;;;;;;;;;;;;;;;;;;;;273;2004;2004 Q4;263900,2;ND;Nie dotyczy;nd;Dane jawne;o;Dane ostateczne;
1038;Produkt krajowy brutto;16;Polska;33617;POLSKA;105;[mln zł];;;;;;;;;;;;;;;;;;;;;;;;;;;;;;;;;270;2005;2005 Q1;230098,9;ND;Nie dotyczy;nd;Dane jawne;o;Dane ostateczne;
1038;Produkt krajowy brutto;16;Polska;33617;POLSKA;105;[mln zł];;;;;;;;;;;;;;;;;;;;;;;;;;;;;;;;;271;2005;2005 Q2;242441,3;ND;Nie dotyczy;nd;Dane jawne;o;Dane ostateczne;
1038;Produkt krajowy brutto;16;Polska;33617;POLSKA;105;[mln zł];;;;;;;;;;;;;;;;;;;;;;;;;;;;;;;;;272;2005;2005 Q3;244647,8;ND;Nie dotyczy;nd;Dane jawne;o;Dane ostateczne;
1038;Produkt krajowy brutto;16;Polska;33617;POLSKA;105;[mln zł];;;;;;;;;;;;;;;;;;;;;;;;;;;;;;;;;273;2005;2005 Q4;273342,5;ND;Nie dotyczy;nd;Dane jawne;o;Dane ostateczne;
1038;Produkt krajowy brutto;16;Polska;33617;POLSKA;105;[mln zł];;;;;;;;;;;;;;;;;;;;;;;;;;;;;;;;;270;2006;2006 Q1;244896,2;ND;Nie dotyczy;nd;Dane jawne;o;Dane ostateczne;
1038;Produkt krajowy brutto;16;Polska;33617;POLSKA;105;[mln zł];;;;;;;;;;;;;;;;;;;;;;;;;;;;;;;;;271;2006;2006 Q2;256604,7;ND;Nie dotyczy;nd;Dane jawne;o;Dane ostateczne;
1038;Produkt krajowy brutto;16;Polska;33617;POLSKA;105;[mln zł];;;;;;;;;;;;;;;;;;;;;;;;;;;;;;;;;272;2006;2006 Q3;264324,1;ND;Nie dotyczy;nd;Dane jawne;o;Dane ostateczne;
1038;Produkt krajowy brutto;16;Polska;33617;POLSKA;105;[mln zł];;;;;;;;;;;;;;;;;;;;;;;;;;;;;;;;;273;2006;2006 Q4;303606,4;ND;Nie dotyczy;nd;Dane jawne;o;Dane ostateczne;
1038;Produkt krajowy brutto;16;Polska;33617;POLSKA;105;[mln zł];;;;;;;;;;;;;;;;;;;;;;;;;;;;;;;;;270;2007;2007 Q1;272905,4;ND;Nie dotyczy;nd;Dane jawne;o;Dane ostateczne;
1038;Produkt krajowy brutto;16;Polska;33617;POLSKA;105;[mln zł];;;;;;;;;;;;;;;;;;;;;;;;;;;;;;;;;271;2007;2007 Q2;285685,6;ND;Nie dotyczy;nd;Dane jawne;o;Dane ostateczne;
1038;Produkt krajowy brutto;16;Polska;33617;POLSKA;105;[mln zł];;;;;;;;;;;;;;;;;;;;;;;;;;;;;;;;;272;2007;2007 Q3;290508,5;ND;Nie dotyczy;nd;Dane jawne;o;Dane ostateczne;
1038;Produkt krajowy brutto;16;Polska;33617;POLSKA;105;[mln zł];;;;;;;;;;;;;;;;;;;;;;;;;;;;;;;;;273;2007;2007 Q4;338408,6;ND;Nie dotyczy;nd;Dane jawne;o;Dane ostateczne;
1038;Produkt krajowy brutto;16;Polska;33617;POLSKA;105;[mln zł];;;;;;;;;;;;;;;;;;;;;;;;;;;;;;;;;270;2008;2008 Q1;302030,8;ND;Nie dotyczy;nd;Dane jawne;o;Dane ostateczne;
1038;Produkt krajowy brutto;16;Polska;33617;POLSKA;105;[mln zł];;;;;;;;;;;;;;;;;;;;;;;;;;;;;;;;;271;2008;2008 Q2;311056,7;ND;Nie dotyczy;nd;Dane jawne;o;Dane ostateczne;
1038;Produkt krajowy brutto;16;Polska;33617;POLSKA;105;[mln zł];;;;;;;;;;;;;;;;;;;;;;;;;;;;;;;;;272;2008;2008 Q3;314013,4;ND;Nie dotyczy;nd;Dane jawne;o;Dane ostateczne;
1038;Produkt krajowy brutto;16;Polska;33617;POLSKA;105;[mln zł];;;;;;;;;;;;;;;;;;;;;;;;;;;;;;;;;273;2008;2008 Q4;358469,8;ND;Nie dotyczy;nd;Dane jawne;o;Dane ostateczne;
1038;Produkt krajowy brutto;16;Polska;33617;POLSKA;105;[mln zł];;;;;;;;;;;;;;;;;;;;;;;;;;;;;;;;;270;2009;2009 Q1;321110,2;ND;Nie dotyczy;nd;Dane jawne;o;Dane ostateczne;
1038;Produkt krajowy brutto;16;Polska;33617;POLSKA;105;[mln zł];;;;;;;;;;;;;;;;;;;;;;;;;;;;;;;;;271;2009;2009 Q2;330450;ND;Nie dotyczy;nd;Dane jawne;o;Dane ostateczne;
1038;Produkt krajowy brutto;16;Polska;33617;POLSKA;105;[mln zł];;;;;;;;;;;;;;;;;;;;;;;;;;;;;;;;;272;2009;2009 Q3;337326,1;ND;Nie dotyczy;nd;Dane jawne;o;Dane ostateczne;
1038;Produkt krajowy brutto;16;Polska;33617;POLSKA;105;[mln zł];;;;;;;;;;;;;;;;;;;;;;;;;;;;;;;;;273;2009;2009 Q4;383138,2;ND;Nie dotyczy;nd;Dane jawne;o;Dane ostateczne;
1038;Produkt krajowy brutto;16;Polska;33617;POLSKA;105;[mln zł];;;;;;;;;;;;;;;;;;;;;;;;;;;;;;;;;270;2010;2010 Q1;328151,3;ND;Nie dotyczy;nd;Dane jawne;o;Dane ostateczne;
1038;Produkt krajowy brutto;16;Polska;33617;POLSKA;105;[mln zł];;;;;;;;;;;;;;;;;;;;;;;;;;;;;;;;;271;2010;2010 Q2;347247,3;ND;Nie dotyczy;nd;Dane jawne;o;Dane ostateczne;
1038;Produkt krajowy brutto;16;Polska;33617;POLSKA;105;[mln zł];;;;;;;;;;;;;;;;;;;;;;;;;;;;;;;;;272;2010;2010 Q3;354441,3;ND;Nie dotyczy;nd;Dane jawne;o;Dane ostateczne;
1038;Produkt krajowy brutto;16;Polska;33617;POLSKA;105;[mln zł];;;;;;;;;;;;;;;;;;;;;;;;;;;;;;;;;273;2010;2010 Q4;404528,4;ND;Nie dotyczy;nd;Dane jawne;o;Dane ostateczne;
1038;Produkt krajowy brutto;16;Polska;33617;POLSKA;105;[mln zł];;;;;;;;;;;;;;;;;;;;;;;;;;;;;;;;;270;2011;2011 Q1;355127,7;ND;Nie dotyczy;nd;Dane jawne;o;Dane ostateczne;
1038;Produkt krajowy brutto;16;Polska;33617;POLSKA;105;[mln zł];;;;;;;;;;;;;;;;;;;;;;;;;;;;;;;;;271;2011;2011 Q2;374546;ND;Nie dotyczy;nd;Dane jawne;o;Dane ostateczne;
1038;Produkt krajowy brutto;16;Polska;33617;POLSKA;105;[mln zł];;;;;;;;;;;;;;;;;;;;;;;;;;;;;;;;;272;2011;2011 Q3;383444,5;ND;Nie dotyczy;nd;Dane jawne;o;Dane ostateczne;
1038;Produkt krajowy brutto;16;Polska;33617;POLSKA;105;[mln zł];;;;;;;;;;;;;;;;;;;;;;;;;;;;;;;;;273;2011;2011 Q4;440522,6;ND;Nie dotyczy;nd;Dane jawne;o;Dane ostateczne;
1038;Produkt krajowy brutto;16;Polska;33617;POLSKA;105;[mln zł];;;;;;;;;;;;;;;;;;;;;;;;;;;;;;;;;270;2012;2012 Q1;374631,4;ND;Nie dotyczy;nd;Dane jawne;o;Dane ostateczne;
1038;Produkt krajowy brutto;16;Polska;33617;POLSKA;105;[mln zł];;;;;;;;;;;;;;;;;;;;;;;;;;;;;;;;;271;2012;2012 Q2;394901,6;ND;Nie dotyczy;nd;Dane jawne;o;Dane ostateczne;
1038;Produkt krajowy brutto;16;Polska;33617;POLSKA;105;[mln zł];;;;;;;;;;;;;;;;;;;;;;;;;;;;;;;;;272;2012;2012 Q3;398273;ND;Nie dotyczy;nd;Dane jawne;o;Dane ostateczne;
1038;Produkt krajowy brutto;16;Polska;33617;POLSKA;105;[mln zł];;;;;;;;;;;;;;;;;;;;;;;;;;;;;;;;;273;2012;2012 Q4;444932,7;ND;Nie dotyczy;nd;Dane jawne;o;Dane ostateczne;
1038;Produkt krajowy brutto;16;Polska;33617;POLSKA;105;[mln zł];;;;;;;;;;;;;;;;;;;;;;;;;;;;;;;;;270;2013;2013 Q1;374894,1;ND;Nie dotyczy;nd;Dane jawne;o;Dane ostateczne;
1038;Produkt krajowy brutto;16;Polska;33617;POLSKA;105;[mln zł];;;;;;;;;;;;;;;;;;;;;;;;;;;;;;;;;271;2013;2013 Q2;395913,4;ND;Nie dotyczy;nd;Dane jawne;o;Dane ostateczne;
1038;Produkt krajowy brutto;16;Polska;33617;POLSKA;105;[mln zł];;;;;;;;;;;;;;;;;;;;;;;;;;;;;;;;;272;2013;2013 Q3;400482,1;ND;Nie dotyczy;nd;Dane jawne;o;Dane ostateczne;
1038;Produkt krajowy brutto;16;Polska;33617;POLSKA;105;[mln zł];;;;;;;;;;;;;;;;;;;;;;;;;;;;;;;;;273;2013;2013 Q4;458836,4;ND;Nie dotyczy;nd;Dane jawne;o;Dane ostateczne;
1038;Produkt krajowy brutto;16;Polska;33617;POLSKA;105;[mln zł];;;;;;;;;;;;;;;;;;;;;;;;;;;;;;;;;270;2014;2014 Q1;394621,4;ND;Nie dotyczy;nd;Dane jawne;o;Dane ostateczne;
1038;Produkt krajowy brutto;16;Polska;33617;POLSKA;105;[mln zł];;;;;;;;;;;;;;;;;;;;;;;;;;;;;;;;;271;2014;2014 Q2;413397,8;ND;Nie dotyczy;nd;Dane jawne;o;Dane ostateczne;
1038;Produkt krajowy brutto;16;Polska;33617;POLSKA;105;[mln zł];;;;;;;;;;;;;;;;;;;;;;;;;;;;;;;;;272;2014;2014 Q3;420936,7;ND;Nie dotyczy;nd;Dane jawne;o;Dane ostateczne;
1038;Produkt krajowy brutto;16;Polska;33617;POLSKA;105;[mln zł];;;;;;;;;;;;;;;;;;;;;;;;;;;;;;;;;273;2014;2014 Q4;471596,4;ND;Nie dotyczy;nd;Dane jawne;o;Dane ostateczne;
1038;Produkt krajowy brutto;16;Polska;33617;POLSKA;105;[mln zł];;;;;;;;;;;;;;;;;;;;;;;;;;;;;;;;;270;2015;2015 Q1;412279,3;ND;Nie dotyczy;nd;Dane jawne;o;Dane ostateczne;
1038;Produkt krajowy brutto;16;Polska;33617;POLSKA;105;[mln zł];;;;;;;;;;;;;;;;;;;;;;;;;;;;;;;;;271;2015;2015 Q2;433578,7;ND;Nie dotyczy;nd;Dane jawne;o;Dane ostateczne;
1038;Produkt krajowy brutto;16;Polska;33617;POLSKA;105;[mln zł];;;;;;;;;;;;;;;;;;;;;;;;;;;;;;;;;272;2015;2015 Q3;440997,2;ND;Nie dotyczy;nd;Dane jawne;o;Dane ostateczne;
1038;Produkt krajowy brutto;16;Polska;33617;POLSKA;105;[mln zł];;;;;;;;;;;;;;;;;;;;;;;;;;;;;;;;;273;2015;2015 Q4;511615,4;ND;Nie dotyczy;nd;Dane jawne;o;Dane ostateczne;
1038;Produkt krajowy brutto;16;Polska;33617;POLSKA;105;[mln zł];;;;;;;;;;;;;;;;;;;;;;;;;;;;;;;;;270;2016;2016 Q1;428321,4;ND;Nie dotyczy;nd;Dane jawne;o;Dane ostateczne;
1038;Produkt krajowy brutto;16;Polska;33617;POLSKA;105;[mln zł];;;;;;;;;;;;;;;;;;;;;;;;;;;;;;;;;271;2016;2016 Q2;448549,5;ND;Nie dotyczy;nd;Dane jawne;o;Dane ostateczne;
1038;Produkt krajowy brutto;16;Polska;33617;POLSKA;105;[mln zł];;;;;;;;;;;;;;;;;;;;;;;;;;;;;;;;;272;2016;2016 Q3;453478,9;ND;Nie dotyczy;nd;Dane jawne;o;Dane ostateczne;
1038;Produkt krajowy brutto;16;Polska;33617;POLSKA;105;[mln zł];;;;;;;;;;;;;;;;;;;;;;;;;;;;;;;;;273;2016;2016 Q4;522855,1;ND;Nie dotyczy;nd;Dane jawne;o;Dane ostateczne;
1038;Produkt krajowy brutto;16;Polska;33617;POLSKA;105;[mln zł];;;;;;;;;;;;;;;;;;;;;;;;;;;;;;;;;270;2017;2017 Q1;459118,2;ND;Nie dotyczy;nd;Dane jawne;o;Dane ostateczne;
1038;Produkt krajowy brutto;16;Polska;33617;POLSKA;105;[mln zł];;;;;;;;;;;;;;;;;;;;;;;;;;;;;;;;;271;2017;2017 Q2;478551,6;ND;Nie dotyczy;nd;Dane jawne;o;Dane ostateczne;
1038;Produkt krajowy brutto;16;Polska;33617;POLSKA;105;[mln zł];;;;;;;;;;;;;;;;;;;;;;;;;;;;;;;;;272;2017;2017 Q3;489383,7;ND;Nie dotyczy;nd;Dane jawne;o;Dane ostateczne;
1038;Produkt krajowy brutto;16;Polska;33617;POLSKA;105;[mln zł];;;;;;;;;;;;;;;;;;;;;;;;;;;;;;;;;273;2017;2017 Q4;555740,5;ND;Nie dotyczy;nd;Dane jawne;o;Dane ostateczne;
1038;Produkt krajowy brutto;16;Polska;33617;POLSKA;105;[mln zł];;;;;;;;;;;;;;;;;;;;;;;;;;;;;;;;;270;2018;2018 Q1;489978,7;ND;Nie dotyczy;nd;Dane jawne;o;Dane ostateczne;
1038;Produkt krajowy brutto;16;Polska;33617;POLSKA;105;[mln zł];;;;;;;;;;;;;;;;;;;;;;;;;;;;;;;;;271;2018;2018 Q2;510710;ND;Nie dotyczy;nd;Dane jawne;o;Dane ostateczne;
1038;Produkt krajowy brutto;16;Polska;33617;POLSKA;105;[mln zł];;;;;;;;;;;;;;;;;;;;;;;;;;;;;;;;;272;2018;2018 Q3;527438,7;ND;Nie dotyczy;nd;Dane jawne;o;Dane ostateczne;
1038;Produkt krajowy brutto;16;Polska;33617;POLSKA;105;[mln zł];;;;;;;;;;;;;;;;;;;;;;;;;;;;;;;;;273;2018;2018 Q4;598379,1;ND;Nie dotyczy;nd;Dane jawne;o;Dane ostateczne;
1038;Produkt krajowy brutto;16;Polska;33617;POLSKA;105;[mln zł];;;;;;;;;;;;;;;;;;;;;;;;;;;;;;;;;270;2019;2019 Q1;527507,6;ND;Nie dotyczy;nd;Dane jawne;o;Dane ostateczne;
1038;Produkt krajowy brutto;16;Polska;33617;POLSKA;105;[mln zł];;;;;;;;;;;;;;;;;;;;;;;;;;;;;;;;;271;2019;2019 Q2;554322,7;ND;Nie dotyczy;nd;Dane jawne;o;Dane ostateczne;
1038;Produkt krajowy brutto;16;Polska;33617;POLSKA;105;[mln zł];;;;;;;;;;;;;;;;;;;;;;;;;;;;;;;;;272;2019;2019 Q3;568393,2;ND;Nie dotyczy;nd;Dane jawne;o;Dane ostateczne;
1038;Produkt krajowy brutto;16;Polska;33617;POLSKA;105;[mln zł];;;;;;;;;;;;;;;;;;;;;;;;;;;;;;;;;273;2019;2019 Q4;638268,3;ND;Nie dotyczy;nd;Dane jawne;o;Dane ostateczne;
1038;Produkt krajowy brutto;16;Polska;33617;POLSKA;105;[mln zł];;;;;;;;;;;;;;;;;;;;;;;;;;;;;;;;;270;2020;2020 Q1;559518,6;ND;Nie dotyczy;nd;Dane jawne;o;Dane ostateczne;
1038;Produkt krajowy brutto;16;Polska;33617;POLSKA;105;[mln zł];;;;;;;;;;;;;;;;;;;;;;;;;;;;;;;;;271;2020;2020 Q2;529052,1;ND;Nie dotyczy;nd;Dane jawne;o;Dane ostateczne;
1038;Produkt krajowy brutto;16;Polska;33617;POLSKA;105;[mln zł];;;;;;;;;;;;;;;;;;;;;;;;;;;;;;;;;272;2020;2020 Q3;589122,6;ND;Nie dotyczy;nd;Dane jawne;o;Dane ostateczne;
1038;Produkt krajowy brutto;16;Polska;33617;POLSKA;105;[mln zł];;;;;;;;;;;;;;;;;;;;;;;;;;;;;;;;;273;2020;2020 Q4;659978,3;ND;Nie dotyczy;nd;Dane jawne;o;Dane ostateczne;
1038;Produkt krajowy brutto;16;Polska;33617;POLSKA;105;[mln zł];;;;;;;;;;;;;;;;;;;;;;;;;;;;;;;;;270;2021;2021 Q1;595751,8;ND;Nie dotyczy;nd;Dane jawne;o;Dane ostateczne;
1038;Produkt krajowy brutto;16;Polska;33617;POLSKA;105;[mln zł];;;;;;;;;;;;;;;;;;;;;;;;;;;;;;;;;271;2021;2021 Q2;621312,1;ND;Nie dotyczy;nd;Dane jawne;o;Dane ostateczne;
1038;Produkt krajowy brutto;16;Polska;33617;POLSKA;105;[mln zł];;;;;;;;;;;;;;;;;;;;;;;;;;;;;;;;;272;2021;2021 Q3;666402,2;ND;Nie dotyczy;nd;Dane jawne;o;Dane ostateczne;
1038;Produkt krajowy brutto;16;Polska;33617;POLSKA;105;[mln zł];;;;;;;;;;;;;;;;;;;;;;;;;;;;;;;;;273;2021;2021 Q4;747836;ND;Nie dotyczy;nd;Dane jawne;o;Dane ostateczne;
1038;Produkt krajowy brutto;16;Polska;33617;POLSKA;105;[mln zł];;;;;;;;;;;;;;;;;;;;;;;;;;;;;;;;;270;2022;2022 Q1;689598,1;ND;Nie dotyczy;nd;Dane jawne;o;Dane ostateczne;
1038;Produkt krajowy brutto;16;Polska;33617;POLSKA;105;[mln zł];;;;;;;;;;;;;;;;;;;;;;;;;;;;;;;;;271;2022;2022 Q2;726057,8;ND;Nie dotyczy;nd;Dane jawne;o;Dane ostateczne;
1038;Produkt krajowy brutto;16;Polska;33617;POLSKA;105;[mln zł];;;;;;;;;;;;;;;;;;;;;;;;;;;;;;;;;272;2022;2022 Q3;783557,4;ND;Nie dotyczy;nd;Dane jawne;o;Dane ostateczne;
1038;Produkt krajowy brutto;16;Polska;33617;POLSKA;105;[mln zł];;;;;;;;;;;;;;;;;;;;;;;;;;;;;;;;;273;2022;2022 Q4;875585,1;ND;Nie dotyczy;nd;Dane jawne;o;Dane ostateczne;
1038;Produkt krajowy brutto;16;Polska;33617;POLSKA;105;[mln zł];;;;;;;;;;;;;;;;;;;;;;;;;;;;;;;;;270;2023;2023 Q1;799299,1;ND;Nie dotyczy;nd;Dane jawne;w;Dane wstępne;
1038;Produkt krajowy brutto;16;Polska;33617;POLSKA;105;[mln zł];;;;;;;;;;;;;;;;;;;;;;;;;;;;;;;;;271;2023;2023 Q2;817827,1;ND;Nie dotyczy;nd;Dane jawne;w;Dane wstępne;
1038;Produkt krajowy brutto;16;Polska;33617;POLSKA;105;[mln zł];;;;;;;;;;;;;;;;;;;;;;;;;;;;;;;;;272;2023;2023 Q3;850207,2;ND;Nie dotyczy;nd;Dane jawne;w;Dane wstępne;
1038;Produkt krajowy brutto;16;Polska;33617;POLSKA;105;[mln zł];;;;;;;;;;;;;;;;;;;;;;;;;;;;;;;;;273;2023;2023 Q4;942803,1;ND;Nie dotyczy;nd;Dane jawne;w;Dane wstępne;
1038;Produkt krajowy brutto;16;Polska;33617;POLSKA;105;[mln zł];;;;;;;;;;;;;;;;;;;;;;;;;;;;;;;;;270;2024;2024 Q1;833138,6;ND;Nie dotyczy;nd;Dane jawne;w;Dane wstępne;
1038;Produkt krajowy brutto;16;Polska;33617;POLSKA;105;[mln zł];;;;;;;;;;;;;;;;;;;;;;;;;;;;;;;;;271;2024;2024 Q2;860136,5;ND;Nie dotyczy;nd;Dane jawne;w;Dane wstępne;
